"Session:Name","Record #","Speaker:Name","Orthography","Segment","Notes","situation"
"Alex.010512","1","Mother","[is] [this] [turned] [on ?]","000:13.272-000:14.162","looking at the camera operator",""
"Alex.010512","2","Camera Operator","[I've] [got] [it] [on .]","000:14.198-000:15.008","cant' hear clearly",""
"Alex.010512","3","Mother","[oh] [okay .]","000:15.008-000:15.454","",""
"Alex.010512","4","Mother","[what] [else] [can] [we] [get] [for] [you] [to] [play] [with ?]","000:18.731-000:20.514","","mom looks around and then at the end looking at the kid; kid not looking at mom"
"Alex.010512","5","Mother","[&huah .]","000:21.465-000:21.833","","looking at kid"
"Alex.010512","6","Alex","[yyy] [yyy .]","000:22.919-000:24.276","",""
"Alex.010512","7","Mother","[what] [else] [can] [we] [get ?]","000:24.276-000:25.284","",""
"Alex.010512","8","Mother","[no] [you] [have_to] [leave] [that] [on] [honey .]","000:28.290-000:29.628","",""
"Alex.010512","9","Mother","[just] [ignore] [it .]","000:29.772-000:30.403","",""
"Alex.010512","10","Mother","[just] [] [leave] [it] [on .]","000:32.110-000:32.827","",""
"Alex.010512","11","Mother","[okay ?]","000:32.981-000:33.370","",""
"Alex.010512","12","Mother","[there (.)] [how's] [that ?]","000:38.062-000:39.572","",""
"Alex.010512","13","Alex","[yyy] [yyy] [yyy] [yyy] [yyy .]","000:44.014-000:46.322","",""
"Alex.010512","14","Mother","[where's] [your] [truck ?]","000:46.378-000:47.272","",""
"Alex.010512","15","Mother","[wanna] [go] [on] [your] [swing ?]","000:48.591-000:49.497","",""
"Alex.010512","16","Mother","[oh] [it's] [all] [twisted .]","000:55.048-000:56.347","",""
"Alex.010512","17","Mother","[what] [happened ?]","000:57.724-000:58.600","",""
"Alex.010512","18","Mother","[you] [can't] [take] [your] [rake] [on] [the] [swing] [but] [you] [can (t:t:self interruption)]","001:08.580-001:10.450","",""
"Alex.010512","19","Mother","[you] [wanna] [take] [your] [big] [bird] [rake] [on] [the] [swing ?]","001:10.464-001:13.430","",""
"Alex.010512","20","Mother","[how] [bout (replacement:replacement:about)] [this] [one ?]","001:13.623-001:14.186","",""
"Alex.010512","21","Mother","[okay] [ready ?]","001:16.687-001:17.133","",""
"Alex.010512","22","Mother","[okay] [hold] [your] [hands .]","001:33.401-001:34.390","",""
"Alex.010512","23","Mother","[lift .]","001:37.124-001:37.608","",""
"Alex.010512","24","Mother","[okay ?]","001:45.675-001:45.985","",""
"Alex.010512","25","Mother","[one (t:t:trail off)]","001:50.464-001:51.453","",""
"Alex.010512","26","Mother","[two (t:t:trail off)]","001:56.397-001:57.774","",""
"Alex.010512","27","Mother","[one] [two .]","001:59.344-002:00.333","",""
"Alex.010512","28","Mother","[three .]","002:00.370-002:00.585","",""
"Alex.010512","29","Mother","[wee .]","002:00.661-002:02.757","",""
"Alex.010512","30","Mother","[you] [don't] [wanna] [swing ?]","002:12.036-002:12.840","",""
"Alex.010512","31","Mother","[you] [don't] [have_to .]","002:13.072-002:13.809","",""
"Alex.010512","32","Mother","[wanna] [get] [down ?]","002:15.108-002:15.662","",""
"Alex.010512","33","Mother","[who's] [that ?]","002:16.058-002:16.621","",""
"Alex.010512","34","Mother","[is] [that] [the] [postman ?]","002:17.930-002:18.599","",""
"Alex.010512","35","Mother","[where's] [Alex ?]","002:19.684-002:20.615","",""
"Alex.010512","36","Mother","[where] [is] [he ?]","002:21.817-002:22.496","",""
"Alex.010512","37","Mother","[whoop<s> .]","002:22.864-002:23.562","",""
"Alex.010512","38","Mother","[where] [is] [he ?]","002:24.571-002:25.579","",""
"Alex.010512","39","Mother","[where] [is] [he ?]","002:26.471-002:27.382","",""
"Alex.010512","40","Mother","[wee .]","002:29.573-002:32.559","",""
"Alex.010512","41","Mother","[wee .]","002:35.313-002:37.717","",""
"Alex.010512","42","Alex","[yyy] [yyy] [yyy] [yyy] [yyy .]","002:38.031-002:40.286","",""
"Alex.010512","43","Mother","[what ?]","002:41.537-002:41.866","",""
"Alex.010512","44","Mother","[one] [where's] [the] [tree ?]","002:49.903-002:51.270","",""
"Alex.010512","45","Alex","[em]","002:52.618-002:53.248","",""
"Alex.010512","46","Mother","[where's] [the] [tree ?]","002:53.267-002:53.930","",""
"Alex.010512","47","Alex","[{ tree (?) } .]","002:54.205-002:55.023","",""
"Alex.010512","48","Mother","[where's] [the] [tree ?]","002:55.040-002:55.910","",""
"Alex.010512","49","Alex","[{ tree (?) } .]","002:55.920-002:56.893","",""
"Alex.010512","50","Mother","[tree .]","002:59.783-003:00.461","",""
"Alex.010512","51","Mother","[where's] [the] [tree ?]","003:11.223-003:12.114","",""
"Alex.010512","52","Mother","[tree .]","003:14.209-003:15.992","",""
"Alex.010512","53","Alex","[yyy .]","003:19.618-003:20.588","",""
"Alex.010512","54","Mother","[adea@c .]","003:20.641-003:21.189","","imitating CHI"
"Alex.010512","55","Alex","[yyy] [yyy .]","003:23.341-003:26.506","",""
"Alex.010512","56","Mother","[what] [yeah .]","003:31.400-003:33.400","",""
"Alex.010512","57","Alex","[yyy .]","003:26.506-003:28.705","",""
"Alex.010512","58","Mother","[bless] [you .]","003:35.770-003:36.255","",""
"Alex.010512","59","Mother","[do] [you] [wanna] [get] [down ?]","003:38.775-003:39.860","",""
"Alex.010512","60","Mother","[don't] [jump .]","003:47.443-003:47.850","",""
"Alex.010512","61","Mother","[cuz (replacement:replacement:because)] [that] [makes] [me] [nervous .]","003:47.975-003:49.091","",""
"Alex.010512","62","Mother","[d'you (replacement:replacement:do you)] [want] [this ?]","003:58.107-003:59.077","",""
"Alex.010512","63","Mother","[no (.)] [where's] [your] [ball ?]","004:00.356-004:00.589","",""
"Alex.010512","64","Mother","[where's] [your] [ball ?]","004:01.171-004:01.772","",""
"Alex.010512","65","Mother","[oh] [boy .]","004:17.226-004:18.234","",""
"Alex.010512","66","Alex","[{ ball (?) } .]","004:18.453-004:20.328","",""
"Alex.010512","67","Mother","[Alex] [where's] [your] [ball ?]","004:26.474-004:27.793","",""
"Alex.010512","68","Alex","[yyy] [yyy] [yyy] [yyy .]","004:32.718-004:34.793","",""
"Alex.010512","69","Mother","[what're (replacement:replacement:what are)] [you] [doing ?]","004:34.848-004:35.680","",""
"Alex.010512","70","Mother","[go] [get] [your] [bat .]","005:00.212-005:00.908","",""
"Alex.010512","71","Mother","[ready ?]","005:10.980-005:11.606","",""
"Alex.010512","72","Mother","[one] [two .]","005:15.876-005:17.779","",""
"Alex.010512","73","Mother","[three .]","005:17.901-005:18.243","",""
"Alex.010512","74","Mother","[yeehah .]","005:19.287-005:20.912","",""
"Alex.010512","75","Alex","[yyy .]","005:28.755-005:38.084","",""
"Alex.010512","76","Mother","[throw] [it .]","005:40.892-005:41.774","",""
"Alex.010512","77","Mother","[whoop<s> .]","005:42.400-005:43.003","",""
"Alex.010512","78","Mother","[oh] [Alex] [I'm] [sorry .]","005:49.872-005:51.775","",""
"Alex.010512","79","Mother","[you] [okay ?]","005:53.416-005:54.165","",""
"Alex.010512","80","Mother","[I] [bapped@o] [you] [right] [up] [the] [head (.)] [here .]","005:55.511-005:57.170","",""
"Alex.010512","81","Mother","[ready ?]","006:14.285-006:14.865","",""
"Alex.010512","82","Mother","[this] [way .]","006:35.332-006:35.866","",""
"Alex.010512","83","Mother","[this] [way .]","006:36.400-006:36.864","",""
"Alex.010512","84","Mother","[go] [ahead .]","007:06.605-007:07.101","",""
"Alex.010512","85","Mother","[wee .]","007:11.015-007:12.090","",""
"Alex.010512","86","Mother","[here's] [your] [bubbles .]","007:31.408-007:32.506","",""
"Alex.010512","87","Mother","[uhhuh .]","007:35.321-007:36.065","",""
"Alex.010512","88","Mother","[where's] [it ?]","007:50.671-007:51.278","","mom looking for some parts to start the toy car, but she was asking the baby to find some "
"Alex.010512","89","Alex","[yyy .]","007:59.242-008:00.179","",""
"Alex.010512","90","Alex","[yyy .]","008:00.211-008:01.033","",""
"Alex.010512","91","Mother","[Alex] [look .]","008:08.006-008:08.805","",""
"Alex.010512","92","Alex","[wee .]","008:11.671-008:13.242","",""
"Alex.010512","93","Mother","[look (.)] [c'mere (replacement:replacement:come here) .]","008:13.545-008:14.482","",""
"Alex.010512","94","Alex","[wee .]","008:31.210-008:33.226","",""
"Alex.010512","95","Alex","[wee .]","008:33.226-008:35.840","",""
"Alex.010512","96","Mother","[go] [again .]","008:35.675-008:36.396","",""
"Alex.010512","97","Alex","[{ wee (?) }] [yyy] [yyy .]","008:43.391-008:45.237","",""
"Alex.010512","98","Mother","[wow .]","008:55.682-008:56.757","",""
"Alex.010512","99","Mother","[oop .]","008:57.749-008:58.052","",""
"Alex.010512","100","Mother","[&wowa .]","008:58.985-009:01.552","",""
"Alex.010512","101","Alex","[yyy .]","009:12.107-009:14.284","",""
"Alex.010512","102","Mother","[you] [like] [to] [ride ?]","009:20.843-009:21.973","",""
"Alex.010512","103","Mother","[you] [wanna] [ride ?]","009:30.516-009:31.150","",""
"Alex.010512","104","Mother","[want] [Mommy] [to] [push] [you ?]","009:32.583-009:33.630","",""
"Alex.010512","105","Mother","[g'head (replacement:replacement:go ahead) .]","009:39.831-009:41.153","",""
"Alex.010512","106","Mother","[ready] [you] [have_to] [hold] [on .]","009:43.055-009:44.510","",""
"Alex.010512","107","Mother","[hold] [on .]","009:44.510-009:45.346","",""
"Alex.010512","108","Mother","[one (t:t:self interruption)]","009:45.728-009:48.148","",""
"Alex.010512","109","Toy","[the] [lion .]","000:00.000-000:00.000","",""
"Alex.010512","110","Mother","[hold] [on] [one] [two (t:t:trail off)]","009:48.429-009:50.220","",""
"Alex.010512","111","Mother","[three .]","009:50.783-009:52.921","",""
"Alex.010512","112","Mother","[turn] [around .]","009:58.763-009:59.480","",""
"Alex.010512","113","Mother","[d'you (replacement:replacement:do you)] [wanna] [get] [off ?]","010:04.633-010:05.598","",""
"Alex.010512","114","Mother","[g'head (replacement:replacement:go ahead) .]","010:05.878-010:07.398","",""
"Alex.010512","115","Mother","[backwards ?]","010:26.085-010:26.877","Alex is throwing the ball backwards while his mom is standing in front of him",""
"Alex.010512","116","Mother","[backwards (.)] [you] [have_to] [go] [forwards .]","010:41.066-010:42.888","",""
"Alex.010512","117","Alex","[yyy] [yyy] [yyy .]","010:42.888-010:48.943","",""
"Alex.010512","118","Mother","[this] [way] [this] [way (.)] [look] [this] [way .]","010:47.170-010:48.391","",""
"Alex.010512","119","Mother","[like] [that .]","010:49.348-010:50.173","",""
"Alex.010512","120","Alex","[yyy] [yyy] [yyy] [yyy .]","011:00.699-011:07.618","",""
"Alex.010512","121","Alex","[yyy] [yyy .]","011:07.618-011:10.895","",""
"Alex.010512","122","AD1","[is] [that] [big] [bird ?]","011:10.433-011:11.984","",""
"Alex.010512","123","Alex","[yyy] [yyy .]","011:12.281-011:14.591","",""
"Alex.010512","124","Mother","[are] [you] [sharing ?]","011:13.502-011:14.591","",""
"Alex.010512","125","Mother","[are] [you] [sharing ?]","011:15.869-011:16.999","",""
"Alex.010512","126","Mother","[you're] [losing] [your] [straps .]","011:19.573-011:20.497","",""
"Alex.010512","127","Alex","[yyy .]","011:32.442-011:33.696","",""
"Alex.010512","128","Mother","[would] [you] [like] [a] [drink .]","011:33.894-011:34.851","Mom opened a juice box",""
"Alex.010512","129","Mother","[where's] [your] [shovel ?]","012:24.280-012:25.258","Alex trying to reach for the ground while mom asks this question; turns out Alex wants to pick up his ball",""
"Alex.010512","130","Mother","[can] [you] [throw] [it ?]","012:37.908-012:38.700","It's ambiguous whether it's a request to throw the ball or just mom trying to see if Alex can throw it","Mom played with the ball, threw it to Alex; Alex picked up a ball "
"Alex.010512","131","Mother","[throw] [it .]","012:39.591-012:40.086","",""
"Alex.010512","132","Mother","[wow] [wrong] [way (.)] [this] [way .]","012:40.365-012:42.594","",""
"Alex.010512","133","Alex","[yyy] [yyy] [yyy] [yyy] [yyy] [yyy .]","013:01.303-013:05.856","",""
"Alex.010512","134","Alex","[yyy] [yyy] [yyy .]","013:05.946-013:07.815","",""
"Alex.010512","135","Mother","[here] [you] [are (.)]","013:18.296-013:18.858","",""
"Alex.010512","136","Mother","[do you want this ?]","013:19.187-013:19.616","",""
"Alex.010512","137","Alex","[yyy] [yyy .]","013:18.296-013:19.527","","off camera"
"Alex.010512","138","Alex","[yyy] [yyy .]","013:19.720-013:30.416","",""
"Alex.010512","139","Mother","[thank] [you .]","013:29.119-013:30.304","",""
"Alex.010512","140","Mother","[here] [it (.)] [here .]","013:31.594-013:32.353","","mom cleaned out a patch of land and started to loosen the ground"
"Alex.010512","141","Alex","[yyy .]","013:42.813-013:44.110","",""
"Alex.010512","142","Mother","[thank] [you .]","013:43.308-013:43.998","","Alex handed mom the shovel for her to dig"
"Alex.010512","143","Mother","[go] [get] [the] [other] [one (.)]","014:06.736-014:07.550","","mom is trying to plant something, pointing to another rake on the ground"
"Alex.010512","144","Mother","[see the other one ?]","014:07.627-014:08.221","mom asked Alex to get the other truck ",""
"Alex.010512","145","Mother","[over] [there ?]","014:08.749-014:09.211","","part of last question{"
"Alex.010512","146","Mother","[by] [the] [truck .]","014:09.607-014:10.300","",""
"Alex.010512","147","Mother","[there] [it] [is .]","014:10.560-014:11.553","","Alex saw the rake"
"Alex.010512","148","Mother","[good] [boy .]","014:14.391-014:15.315","","Alex picked up the rake and handed it to mom"
"Alex.010512","149","Mother","[good] [job .]","014:20.991-014:22.178","","Alex used the rake to loosen up the land"
"Alex.010512","150","Mother","[here] [you] [have] [a] [turn .]","014:22.350-014:23.461","","mom handed her rake to Alex asking him to dig"
"Alex.010512","151","Mother","[here .]","014:24.785-014:25.148","",""
"Alex.010512","152","Mother","[this] [one] [works] [better] [Alex .]","014:29.075-014:31.131","","She switched rakes with Alex"
"Alex.010512","153","Mother","[here] [you] [use] [this] [one .]","014:33.166-014:33.991","","she switched back with Alex"
"Alex.010512","154","Mother","[this] [one] [works] [nicer .]","014:34.024-014:35.181","",""
"Alex.010512","155","Alex","[yyy] [yyy] [yyy .]","014:52.833-014:54.846","","Alex started to loosen the grass but "
"Alex.010512","156","Mother","[g'head (replacement:replacement:go ahead) .]","014:54.846-014:55.373","","Alex picked up the blue rake"
"Alex.010512","157","Mother","[oh this one .]","014:55.373-014:56.033","Sounds like a rising declarative; need to ask Dan","Alex was holding the rake; mom might have interpreted this gesture as giving the rake to her and took over the rake"
"Alex.010512","158","Mother","[isn't] [that] [nice ?]","015:00.994-015:01.887","",""
"Alex.010512","159","Mother","[look .]","015:02.173-015:03.285","",""
"Alex.010512","160","Mother","[thank] [you .]","015:03.285-015:05.475","","Alex picked up the red rake and handed to mom while making noices"
"Alex.010512","161","Mother","[wow .]","015:07.780-015:09.230","",""
"Alex.010512","162","Mother","[very] [nice .]","015:10.222-015:11.509","","They seem to have finished loosening the land"
"Alex.010512","163","Alex","[yyy] [yyy .]","015:15.106-015:17.217","","Alex is swinging his blue rake around "
"Alex.010512","164","Mother","[yeah .]","015:17.316-015:18.058","",""
"Alex.010512","165","Mother","[a:h (.)] [you] [sharing ?]","015:23.553-015:25.118","","off camera; Alex seemed to have handed his rake to the camera operator"
"Alex.010512","166","AD1","[thank] [you (.)]","015:25.118-015:26.666","",""
"Alex.010512","167","AD1","[that's for me ?]","015:26.699-015:28.213","",""
"Alex.010512","168","Mother","[say] [thank] [you .]","015:28.213-015:29.766","","Camera operator gave Alex something "
"Alex.010512","169","Mother","[sharing .]","015:29.766-015:30.948","",""
"Alex.010512","170","AD1","[nice] [of] [you .]","015:30.948-015:32.515","",""
"Alex.010512","171","Mother","[there .]","015:35.135-015:35.762","","off camera"
"Alex.010512","172","Alex","[yyy] [yyy .]","015:36.086-015:37.480","",""
"Alex.010512","173","Mother","[okay .]","015:37.313-015:38.331","",""
"Alex.010512","174","Alex","[yyy .]","015:38.331-015:40.711","",""
"Alex.010512","175","Mother","[here] [lemme (replacement:replacement:let me)] [fix] [this .]","015:54.537-015:55.776","","trying to make Alex's backpack more comfortable for him"
"Alex.010512","176","Mother","[okay (.)] [try] [that .]","016:03.116-016:04.163","",""
"Alex.010512","177","Mother","[use] [the] [other] [side .]","016:04.163-016:07.210","","Alex is holding the rake by the head; mom trying to get him to hold the handle"
"Alex.010512","178","Mother","[like] [this .] [look .]","016:09.320-016:10.241","",""
"Alex.010512","179","Mother","[look] [look] [at] [this .]","016:10.241-016:12.230","",""
"Alex.010512","180","Mother","[lemme (replacement:replacement:let me)] [show] [you .]","016:12.579-016:13.086","",""
"Alex.010512","181","Mother","[lemme (replacement:replacement:let me)] [see] [big] [bird] [for] [one] [second .]","016:13.432-016:15.145","","mom asking for the big bird toy"
"Alex.010512","182","Mother","[can] [I] [see] [big] [bird ?]","016:15.145-016:16.955","","Alex ignored mom's request"
"Alex.010512","183","Mother","[oh] [this] [big] [shovel ?]","016:19.615-016:21.166","","Alex handed mom the shovel"
"Alex.010512","184","Alex","[yyy .]","016:21.166-016:24.090","",""
"Alex.010512","185","Mother","[that's] [a (t:t:self interruption)]","016:22.415-016:22.891","",""
"Alex.010512","186","Mother","[so] [big .]","016:22.937-016:23.936","",""
"Alex.010512","187","Mother","[so] [big .]","016:24.351-016:25.703","",""
"Alex.010512","188","Alex","[yyy] [yyy] [yyy] [yyy .]","016:25.719-016:26.940","",""
"Alex.010512","189","Mother","[look] [at] [this] [one .]","016:27.666-016:28.524","","mom is trying to teach ALex how to rake with a smaller rake"
"Alex.010512","190","Mother","[hold] [it] [this] [way .]","016:29.088-016:30.090","",""
"Alex.010512","191","Mother","[dust] [it] [off .]","016:30.898-016:31.758","",""
"Alex.010512","192","Mother","[hold] [it] [this] [way .]","016:32.342-016:33.213","",""
"Alex.010512","193","Mother","[okay ?]","016:33.356-016:33.940","","not looking at Alex; dusting the rake"
"Alex.010512","194","Mother","[and] [then] [you] [can] [rake .]","016:34.181-016:35.550","",""
"Alex.010512","195","Mother","[see ?]","016:35.550-016:36.080","","both looking at the rake"
"Alex.010512","196","Mother","[that's] [a] [big] [bird] [rake .]","016:36.983-016:38.291","",""
"Alex.010512","197","Mother","[that's] [how] [ya (replacement:replacement:you)] [use] [it .]","016:40.106-016:41.440","","hand the big bird rake to Alex"
"Alex.010512","198","Alex","[yyy] [yyy .]","016:44.396-016:45.352","",""
"Alex.010512","199","Alex","[yyy] [yyy .]","016:49.279-016:50.401","",""
"Alex.010512","200","AD1","[big] [bird (.)] [is] [that] [a] [big] [bird] [shovel ?]","016:52.084-016:54.394","","the camera operator commented"
"Alex.010512","201","Alex","[yyy] [yyy] [yyy .]","016:56.835-016:58.122","",""
"Alex.010512","202","Alex","[yyy] [yyy] [yyy] [yyy .]","016:58.886-017:02.841","",""
"Alex.010512","203","Mother","[Alex] [where's] [your] [other] [toys ?]","017:19.691-017:20.982","","addressing Alex, but "
"Alex.010512","204","Mother","[where's] [your] [other] [toys ?]","017:21.847-017:23.191","",""
"Alex.010512","205","Mother","[where's] [your] [other] [toys ?]","017:30.558-017:31.816","","starting to walk back to the house to look for more toys; Alex was looking at his mom"
"Alex.010512","206","Alex","[yyy] [yyy] [yyy] [yyy .]","017:44.120-017:46.925","","mom took out a sword-like toy, Alex was very excited, running toward mom"
"Alex.010512","207","Mother","[careful .]","017:46.311-017:46.985","","Alex fell down"
"Alex.010512","208","Mother","[careful .]","017:49.367-017:50.146","",""
"Alex.010512","209","Alex","[yyy .]","017:56.725-018:02.268","","Alex was making excited noises, and pointing at the new toy"
"Alex.010512","210","Mother","[I] [don't] [know] [if] [this'll (replacement:replacement:this will)] [work .]","018:02.796-018:04.012","","mom says while tearing off the wrap"
"Alex.010512","211","Mother","[here] [you] [can] [hold] [that .]","018:18.932-018:20.295","","mom handed Alex one part of the toy"
"Alex.010512","212","Mother","[okay ?]","018:20.295-018:21.506","","mom looking at Alex while handing the sword"
"Alex.010512","213","Alex","[yyy .]","018:22.001-018:22.496","sounds implosive",""
"Alex.010512","214","Mother","[who] [is] [it ?]","018:23.090-018:23.650","","Alex was looking at the wrap; it seems to have some figure on it"
"Alex.010512","215","Alex","[yyy .]","018:23.851-018:25.296","",""
"Alex.010512","216","Mother","[who] [is] [that ?]","018:25.296-018:26.125","","Alex seems to know the drawing on the wrap "
"Alex.010512","217","Alex","[yyy] [yyy .]","018:26.125-018:27.880","",""
"Alex.010512","218","Mother","[show] [me .]","018:27.880-018:29.221","","mom wants Alex to point on the wrap"
"Alex.010512","219","Alex","[yyy] [yyy .]","018:29.221-018:30.860","",""
"Alex.010512","220","Mother","[woo .]","018:30.860-018:33.488","","mom unwrap the toy, turns out to be a kite"
"Alex.010512","221","Alex","[yyy] [yyy .]","018:38.862-018:41.226","",""
"Alex.010512","222","Mother","[oh] [boy .]","018:41.226-018:42.381","",""
"Alex.010512","223","Mother","[lemme (replacement:replacement:let me) see]","018:42.381-018:42.954","",""
"Alex.010512","224","Mother","[I don't know though (.)]","018:43.020-018:44.010","",""
"Alex.010512","225","Mother","[I don't know if this will work .]","018:44.076-018:45.000","",""
"Alex.010512","226","Mother","[today .]","018:45.066-018:45.528","",""
"Alex.010512","227","Alex","[yyy] [yyy .]","018:50.675-018:52.595","",""
"Alex.010512","228","Mother","[let's] [try] [it .]","018:52.754-018:53.711","",""
"Alex.010512","229","Alex","[yyy .]","018:54.635-018:55.196","",""
"Alex.010512","230","Alex","[yyy .]","018:55.896-018:57.226","",""
"Alex.010512","231","Alex","[yyy .]","018:57.258-018:58.726","",""
"Alex.010512","232","Mother","[okay (.)] [lemme (replacement:replacement:let me) (t:t:trail off)]","018:58.693-018:59.914","",""
"Alex.010512","233","Mother","[just] [put] [the] [string] [in .]","019:00.178-019:01.748","",""
"Alex.010512","234","Alex","[yyy] [yyy .]","019:02.455-019:04.758","",""
"Alex.010512","235","Mother","[I] [think] [I'm] [doin (replacement:replacement:doing)] [this] [right .]","019:03.115-019:04.934","",""
"Alex.010512","236","Alex","[yyy] [yyy .]","019:06.943-019:09.086","",""
"Alex.010512","237","Alex","[yyy] [yyy .]","019:09.086-019:12.023","l@l could be r@l or w",""
"Alex.010512","238","Mother","[oh] [that's] [okay (.)]","019:13.971-019:15.060","","someone else walked in the garden, moving something, mom started talking to that person"
"Alex.010512","239","Mother","[y'know (replacement:replacement:you know) I don't have it set up right .]","019:15.112-019:16.743","","to adult"
"Alex.010512","240","Alex","[yyy] [yyy] [yyy .]","019:22.121-019:24.758","",""
"Alex.010512","241","Mother","[Alex] [who's] [this ?]","019:31.558-019:33.836","","mom seems to be talking about the man walking in their garden (their family friend), but she didn't point or do anything to indicate that"
"Alex.010512","242","Mother","[who] [is] [that ?]","019:36.475-019:37.485","",""
"Alex.010512","243","Mother","[here .]","019:39.676-019:40.336","","trying to fly a kite"
"Alex.010512","244","Mother","[who's] [that ?]","019:46.242-019:46.902","","trying to fly the kite; not looking at the person she's referring to or Alex"
"Alex.010512","245","Mother","[who] [is] [that ?]","019:47.225-019:47.628","","same, not looking at anything"
"Alex.010512","246","Mother","[we] [gotta] [get] [in] [the] [wind .]","019:48.552-019:49.608","","trying to get the kite going "
"Alex.010512","247","Mother","[where's] [Elmo ?]","020:00.794-020:01.784","","Alex picked up a rake and started walking toward mom; Alex later pointed at something on the kite"
"Alex.010512","248","Alex","[yyy .]","020:01.966-020:07.461","","Alex was pointing at something on the kite"
"Alex.010512","249","Mother","[Zoey .]","020:07.360-020:08.053","","Alex pointed at something on the kite"
"Alex.010512","250","Mother","[Harry .]","020:09.241-020:10.230","","Alex pointed at something else on the kite"
"Alex.010512","251","Mother","[Cookie] [Monster .]","020:10.230-020:12.161","","a third chaaracter on the kite"
"Alex.010512","252","Mother","[Rosita .]","020:12.475-020:14.051","",""
"Alex.010512","253","Mother","[Telly .]","020:14.051-020:15.100","","another character"
"Alex.010512","254","Mother","[Elmo .]","020:15.100-020:17.433","",""
"Alex.010512","255","Mother","[who's] [that ?]","020:18.200-020:18.921","","Alex was pointing something else on the kite (not Elmo)"
"Alex.010512","256","Mother","[Grover .]","020:19.371-020:20.818","",""
"Alex.010512","257","Alex","[yyy .]","020:20.818-020:22.704","","pointing back to cookie monster"
"Alex.010512","258","Mother","[Cookie] [Monster .]","020:22.721-020:24.057","",""
"Alex.010512","259","Mother","[Harry .]","020:25.013-020:25.739","",""
"Alex.010512","260","Mother","[Zoey .]","020:25.843-020:27.625","",""
"Alex.010512","261","Mother","[wow .]","020:30.227-020:31.085","",""
"Alex.010512","262","Alex","[yyy] [yyy] [yyy] [yyy .]","020:31.085-020:32.636","",""
"Alex.010512","263","Alex","[yyy] [yyy .]","020:35.605-020:37.354","",""
"Alex.010512","264","Alex","[yyy] [yyy] [yyy] [yyy] [yyy .]","020:37.420-020:42.535","",""
"Alex.010512","265","Mother","[two ?]","020:59.660-021:00.287","","off camera"
"Alex.010512","266","Mother","[two] [rakes ?]","021:00.650-021:01.948","","Alex was holding two rakes in his hands; mom shows incredulity "
"Alex.010512","267","Mother","[wow .]","021:03.488-021:04.545","",""
"Alex.010512","268","Alex","[yyy .]","021:04.545-021:06.388","",""
"Alex.010512","269","Alex","[yyy .]","021:06.388-021:09.218","",""
"Alex.010512","270","Mother","[I] [can't]","021:08.932-021:09.526","",""
"Alex.010512","271","Mother","[there's not enough wind honey .]","021:09.544-021:10.615","",""
"Alex.010512","272","Mother","[there's] [not] [enough] [wind .]","021:14.080-021:15.393","",""
"Alex.010512","273","Alex","[yyy] [yyy .]","021:15.393-021:17.974","",""
"Alex.010512","274","Mother","[no] [I] [can't] [get] [it] [to] [fly .]","021:17.637-021:19.637","",""
"Alex.010512","275","Mother","[there's] [not] [enough] [wind .]","021:22.065-021:23.451","",""
"Alex.010512","276","Mother","[there] [it] [goes] [a] [little] [there] [it]","021:31.535-021:32.723","",""
"Alex.010512","277","Mother","[Alex look .]","021:32.756-021:33.751","",""
"Alex.010512","278","Mother","[Alex .]","021:33.977-021:34.472","",""
"Alex.010512","279","Mother","[wee .]","021:36.551-021:38.756","",""
"Alex.010512","280","Alex","[yyy .]","021:47.572-021:49.115","",""
"Alex.010512","281","Mother","[wee .]","021:49.115-021:51.786","",""
"Alex.010512","282","Mother","[whoops .]","021:54.171-021:55.058","",""
"Alex.010512","283","Mother","[careful .]","021:55.058-022:01.160","","off camera"
"Alex.010512","284","Mother","[don't] [break] [it .]","022:01.431-022:02.515","","Alex is off camera"
"Alex.010512","285","Alex","[yyy] [yyy .]","022:10.406-022:11.813","",""
"Alex.010512","286","Alex","[yyy .]","022:12.848-022:16.631","",""
"Alex.010512","287","Alex","[yyy .]","022:16.631-022:18.685","xxx l@l could be w",""
"Alex.010512","288","Alex","[yyy] [yyy .]","022:18.685-022:20.143","",""
"Alex.010512","289","Alex","[yyy] [yyy .]","022:20.143-022:36.080","","Alex was walking with two rakes"
"Alex.010512","290","AD1","[great (.)] [thank] [you .]","022:36.080-022:39.710","","Alex is off camera, but it seems that he gave the camera operator something"
"Alex.010512","291","Alex","[yyy] [yyy] [yyy .]","022:39.711-022:50.351","",""
"Alex.010512","292","Mother","[here] [I'll] [help] [you .]","022:49.441-022:50.350","",""
"Alex.010512","293","Mother","[don't] [want] [any] [accidents .]","022:50.596-022:52.006","","they are both off camera, but Alex seems to be having trouble with the rakes"
"Alex.010512","294","Mother","[thank] [you .]","022:53.490-022:54.061","",""
"Alex.010512","295","Alex","[yyy .]","023:12.539-023:14.090","",""
"Alex.010512","296","Mother","[want] [me] [to] [try] [again ?]","023:12.539-023:13.859","","Alex is handing mom the kite"
"Alex.010512","297","Mother","[okay .]","023:14.090-023:15.158","",""
"Alex.010512","298","Mother","[here] [you] [hold] [it .]","023:18.578-023:20.115","","mom asks Alex to hold the string of the kite"
"Alex.010512","299","Mother","[hold] [the] [string .]","023:20.115-023:21.163","",""
"Alex.010512","300","Alex","[yyy (t:t:self interruption)]","023:22.141-023:23.989","",""
"Alex.010512","301","Mother","[good] [boy .]","023:22.735-023:24.141","",""
"Alex.010512","302","Mother","[wee .]","023:24.385-023:27.065","",""
"Alex.010512","303","Alex","[yyy .]","023:27.065-023:28.312","",""
"Alex.010512","304","Mother","[yeah .]","023:28.312-023:30.312","",""
"Alex.010512","305","Mother","[wee .]","023:31.545-023:33.294","",""
"Alex.010512","306","Alex","[yyy] [yyy] [yyy] [yyy] [yyy .]","023:33.063-023:35.241","",""
"Alex.010512","307","Alex","[yyy] [yyy] [yyy] [yyy] [yyy] [yyy] [yyy] [yyy] [yyy .]","023:35.443-023:39.170","",""
"Alex.010512","308","Mother","[where's] [the] [birdie .]","023:38.145-023:39.058","",""
"Alex.010512","309","Mother","[you] [see] [the] [birdie ?]","023:39.170-023:39.960","","they are looking at the sky, mom turns to Alex and says"
"Alex.010512","310","Mother","[can] [you] [see] [that] [birdie ?]","023:40.455-023:41.874","","checking with Alex; ""do you see that birdie"""
"Alex.010512","311","Mother","[what's] [a] [birdie] [say ?]","023:43.490-023:44.588","","she answered her own question later"
"Alex.010512","312","Mother","[tweet] [tweet .]","023:45.206-023:45.670","",""
"Alex.010512","313","Alex","[yyy] [yyy] [yyy] [yyy .]","023:47.130-023:48.370","",""
"Alex.010512","314","Mother","[tweet] [tweet] [tweet] [tweet] [tweet] [tweet .]","023:48.660-023:49.590","",""
"Alex.010512","315","Alex","[yyy] [yyy] [yyy .]","023:51.340-023:52.150","",""
"Alex.010512","316","Mother","[wait] [a] [minute]","023:52.120-023:52.400","",""
"Alex.010512","317","Mother","[you're gonna .]","023:52.420-023:52.730","",""
"Alex.010512","318","Mother","[wait] [wait] [wait] [wait] [wait .]","023:53.123-023:53.930","",""
"Alex.010512","319","Mother","[me] [help] [you .]","023:58.620-023:59.330","",""
"Alex.010512","320","Mother","[look .]","023:59.330-023:59.760","",""
"Alex.010512","321","Mother","[step] [up .]","024:00.080-024:00.530","",""
"Alex.010512","322","Mother","[good] [boy .]","024:00.920-024:01.500","",""
"Alex.010512","323","Mother","[there] [ya (replacement:replacement:you)] [go .]","024:02.140-024:02.820","",""
"Alex.010512","324","Alex","[yyy] [yyy] [yyy .]","024:44.658-024:46.688","",""
"Alex.010512","325","Camera Operator","[oh] [your] [hands] [are] [all] [dirty] [huh ?]","024:55.190-024:57.015","",""
"Alex.010512","326","Camera Operator","[your] [hands] [are] [dirty .]","024:57.015-024:58.948","",""
"Alex.010512","327","Alex","[yyy] [yyy .]","025:07.485-025:08.883","poor recording for this utterance",""
"Alex.010512","328","Camera Operator","[big] [bird ?]","025:08.883-025:09.773","",""
"Alex.010512","329","Alex","[yyy .]","025:10.722-025:12.176","",""
"Alex.010512","330","Mother","[Alex] [look .]","025:18.673-025:19.708","",""
"Alex.010512","331","Mother","[I] [found] [more] [things .]","025:22.607-025:24.093","",""
"Alex.010512","332","Mother","[gotcha (replacement:replacement:got your)] [elephant] [book .]","025:25.804-025:27.350","",""
"Alex.010512","333","Mother","[you] [have] [a (.)]","025:27.350-025:28.631","",""
"Alex.010512","334","Mother","[didja (replacement:replacement:did you) eat some dirt ?]","025:28.754-025:30.491","",""
"Alex.010512","335","Mother","[blow] [your] [bubbles ?]","025:31.664-025:33.139","",""
"Alex.010512","336","Alex","[yyy] [yyy .]","025:47.319-025:49.450","",""
"Alex.010512","337","Alex","[&weeah .]","025:49.616-025:50.608","",""
"Alex.010512","338","Mother","[oops .]","025:53.917-025:54.737","",""
"Alex.010512","339","Alex","[&weeah .]","025:58.630-025:59.573","",""
"Alex.010512","340","Mother","[go] [get] [em (replacement:replacement:them) .]","026:01.007-026:01.827","",""
"Alex.010512","341","Mother","[ju (replacement:replacement:did you)] [get] [em (replacement:replacement:them) (.)]","026:01.975-026:03.294","",""
"Alex.010512","342","Mother","[catch em (replacement:replacement:them) .]","026:03.327-026:04.613","",""
"Alex.010512","343","Mother","[wow .]","026:15.480-026:17.020","","mom is blowing bubbles and Alex chasing them"
"Alex.010512","344","Alex","[yyy] [yyy] [yyy .]","026:20.332-026:21.372","",""
"Alex.010512","345","Mother","[ready .]","026:20.961-026:21.719","",""
"Alex.010512","346","Mother","[here's] [s'more (replacement:replacement:some more) .]","026:22.476-026:23.264","",""
"Alex.010512","347","Mother","[look] [whoops (t:t:trail off)]","026:23.327-026:26.668","",""
"Alex.010512","348","Mother","[wow .]","026:28.875-026:30.385","",""
"Alex.010512","349","Alex","[yyy] [yyy] [yyy] [yyy .]","026:44.795-026:47.166","",""
"Alex.010512","350","Alex","[yyy] [yyy] [yyy .]","026:47.166-026:53.118","",""
"Alex.010512","351","Mother","[here] [they] [go .]","026:52.771-026:53.653","",""
"Alex.010512","352","Alex","[yyy .]","026:53.816-026:54.838","",""
"Alex.010512","353","Mother","[wee .]","026:55.482-026:57.390","",""
"Alex.010512","354","Alex","[yyy .]","026:57.390-026:59.141","",""
"Alex.010512","355","Alex","[yyy .]","026:59.454-027:04.750","",""
"Alex.010512","356","Alex","[yyy] [yyy .]","027:04.831-027:06.508","",""
"Alex.010512","357","Mother","[try] [this] [again ?]","027:14.360-027:15.558","",""
"Alex.010512","358","Mother","[where's] [the] [string ?]","027:17.139-027:17.950","",""
"Alex.010512","359","Alex","[yyy] [yyy .]","027:27.917-027:30.925","",""
"Alex.010512","360","Mother","[wee .]","027:28.451-027:31.373","",""
"Alex.010512","361","Mother","[Alex] [xxx] [all] [over] [your] [face (.)]","027:32.425-027:35.487","",""
"Alex.010512","362","Mother","[where're (replacement:replacement:where are) you getting dirt from ?]","027:35.581-027:37.223","",""
"Alex.010512","363","Mother","[Alex .]","027:52.202-027:53.053","",""
"Alex.010512","364","Mother","[Alex] [look .]","027:55.459-027:56.261","","the kite got higher"
"Alex.010512","365","Mother","[wee .]","027:57.462-027:59.501","",""
"Alex.010512","366","Mother","[crash .]","028:04.177-028:04.796","",""
"Alex.010512","367","Alex","[yyy] [yyy] [yyy] [yyy .]","028:04.796-028:08.308","",""
"Alex.010512","368","Mother","[you] [leaving ?]","028:16.858-028:17.376","",""
"Alex.010512","369","Alex","[yyy] [yyy .]","028:17.573-028:21.513","",""
"Alex.010512","370","AD1","[hi .]","028:21.513-028:23.356","",""
"Alex.010512","371","Alex","[yyy] [yyy .]","000:00.000-000:00.000","",""
"Alex.010512","372","AD1","[yeah .]","028:23.356-028:26.586","",""
"Alex.010512","373","Alex","[yyy] [yyy .]","028:26.586-028:28.586","",""
"Alex.010512","374","Mother","[I] [keep] [I] [keep]","028:27.737-028:28.606","","talking to an adult walking by"
"Alex.010512","375","Mother","[it it's too big]","028:28.692-028:29.551","",""
"Alex.010512","376","Mother","[see ya (replacement:replacement:you) later bye bye]","028:29.615-028:30.718","",""
"Alex.010512","377","Mother","[can I see you things ?]","028:30.799-028:31.506","",""
"Alex.010512","378","Alex","[yyy] [yyy (t:t:self interruption)]","028:34.135-028:35.699","",""
"Alex.010512","379","Mother","[that's] [the] [one] [you're] [gonna] [show .]","028:35.699-028:36.834","","rise"
"Alex.010512","380","Mother","[here .]","028:36.921-028:37.401","",""
"Alex.010512","381","Mother","[can] [do] [better] [than] [that .]","028:38.315-028:39.691","",""
"Alex.010512","382","Alex","[yyy .]","028:41.247-028:43.296","",""
"Alex.010512","383","Alex","[yyy .]","028:44.305-028:44.652","",""
"Alex.010512","384","Mother","[&wuh (t:t:self interruption)]","028:43.359-028:44.494","","imitating CHI"
"Alex.010512","385","Alex","[yyy] [yyy] [yyy] [yyy] [yyy .]","028:44.746-028:48.246","",""
"Alex.010512","386","AD1","[bye] [bye .]","028:45.060-028:46.669","",""
"Alex.010512","387","Mother","[stay] [here] [Alex .]","028:46.731-028:47.773","",""
"Alex.010512","388","Alex","[yyy] [yyy .]","028:48.441-028:50.700","",""
"Alex.010512","389","Alex","[yyy .]","028:50.700-028:51.934","",""
"Alex.010512","390","AD1","[bye] [there .]","028:52.126-028:53.371","",""
"Alex.010512","391","Mother","[this] [way .]","029:05.805-029:06.656","",""
"Alex.010512","392","Mother","[good] [boy .]","029:14.695-029:15.710","",""
"Alex.010512","393","Mother","[okay] [go] [that] [way .]","029:15.710-029:16.688","",""
"Alex.010512","394","Mother","[oh] [very] [nice .]","029:17.148-029:18.383","",""
"Alex.010512","395","Mother","[where's] [your] [bubbles ?]","029:19.886-029:20.840","",""
"Alex.010512","396","Mother","[where's] [your] [bubbles ?]","029:21.630-029:22.441","",""
"Alex.010512","397","Mother","[where] [are] [they ?]","029:24.094-029:24.958","",""
"Alex.010512","398","Mother","[where's] [your] [bubbles ?]","029:31.097-029:32.128","",""
"Alex.010512","399","Mother","[where'd (replacement:replacement:where did)] [they] [go ?]","029:32.841-029:33.718","",""
"Alex.010512","400","Mother","[can] [you] [find] [them ?]","029:35.204-029:36.176","",""
"Alex.010512","401","Mother","[where] [are] [they ?]","029:39.685-029:40.756","",""
"Alex.010512","402","Alex","[yyy] [yyy] [yyy] [yyy .]","029:43.130-029:44.825","",""
"Alex.010512","403","Alex","[yyy .]","029:44.825-029:46.053","",""
"Alex.010512","404","Alex","[yyy (t:t:self interruption)]","029:46.053-029:47.590","",""
"Alex.010512","405","Mother","[go] [ahead]","029:46.424-029:47.007","",""
"Alex.010512","406","Mother","[pick it up .]","029:47.040-029:47.590","",""
"Alex.010512","407","Mother","[you] [have_to] [get] [the] [string .]","029:47.590-029:49.458","",""
"Alex.010512","408","Mother","[that's] [the] [trick]","029:49.458-029:51.034","",""
"Alex.010512","409","Mother","[but (.) there's not enough wind .]","029:51.067-029:52.610","",""
"Alex.010512","410","Mother","[it's] [not] [windy] [enough (t:t:self interruption)]","029:52.610-029:53.817","",""
"Alex.010512","411","Alex","[wee .]","029:53.817-029:55.817","",""
"Alex.010512","412","Mother","[wee .]","029:54.808-029:56.339","",""
"Alex.010512","413","Alex","[yyy] [yyy .]","029:57.222-029:58.988","",""
"Alex.010512","414","Alex","[yyy .]","029:58.988-029:59.744","",""
"Alex.010512","415","Alex","[yyy .]","030:01.225-030:02.108","the tʃ sounds geminated",""
"Alex.010512","416","Mother","[no .]","030:04.220-030:05.166","",""
"Alex.010512","417","Mother","[stay] [away] [from] [that (.)]","030:08.066-030:08.957","",""
"Alex.010512","418","Mother","[Daddy has to throw that away .]","030:08.980-030:10.501","",""
"Alex.010512","419","Mother","[that's] [no] [good] [anymore .]","030:10.998-030:12.345","",""
"Alex.010512","420","Alex","[yyy .]","030:12.345-030:14.490","",""
"Alex.010512","421","Alex","[yyy .]","030:14.490-030:16.253","",""
"Alex.010512","422","Alex","[yyy] [yyy] [yyy] [yyy .]","030:16.253-030:22.423","",""
"Alex.010512","423","Mother","[careful .]","030:20.581-030:21.086","",""
"Alex.010512","424","Mother","[there] [ya (replacement:replacement:you)] [go .]","030:22.423-030:23.419","",""
"Alex.010512","425","Alex","[yyy] [yyy .]","030:25.531-030:27.646","",""
"Alex.010512","426","Alex","[yyy .]","030:27.864-030:36.848","difficult to transcribe second syllable",""
"Alex.010512","427","Alex","[yyy .]","030:36.861-030:38.903","","[]"
"Alex.010512","428","Mother","[ya (replacement:replacement:you)] [coming ?]","030:53.336-030:54.168","",""
"Alex.010512","429","Mother","[who's] [that ?]","030:55.259-030:56.256","",""
"Alex.010512","430","Alex","[yyy] [yyy] [yyy .]","030:56.330-030:59.343","",""
"Alex.010512","431","Mother","[who] [is] [it ?]","030:59.343-031:00.176","",""
"Alex.010512","432","Mother","[and] [here's] [your] [elephant (.)] [book .]","031:01.595-031:03.523","",""
"Alex.010512","433","Mother","[what's] [that ?]","031:04.464-031:05.371","",""
"Alex.010512","434","Mother","[look] [at] [me (.)]","031:06.103-031:07.001","",""
"Alex.010512","435","Mother","[that's a monkey .]","031:07.044-031:08.005","",""
"Alex.010512","436","Mother","[and] [an] [elephant .]","031:09.928-031:11.062","",""
"Alex.010512","437","Alex","[yyy .]","031:13.128-031:14.075","",""
"Alex.010512","438","Mother","[and] [a] [tree .]","031:14.993-031:15.897","",""
"Alex.010512","439","Alex","[yyy] [yyy .]","031:16.198-031:17.504","",""
"Alex.010512","440","Mother","[who's] [the] [tree ?]","031:18.810-031:19.499","",""
"Alex.010512","441","Alex","[yyy] [yyy .]","031:20.202-031:21.650","",""
"Alex.010512","442","Mother","[elephant .]","031:21.494-031:22.627","",""
"Alex.010512","443","Mother","[monkey .]","031:23.517-031:24.545","",""
"Alex.010512","444","Alex","[{ water (?) } .]","031:25.152-031:27.486","",""
"Alex.010512","445","Mother","[water .]","031:26.372-031:27.463","",""
"Alex.010512","446","Mother","[wee .]","031:29.213-031:30.462","",""
"Alex.010512","447","Mother","[flowers .]","031:31.236-031:32.633","",""
"Alex.010512","448","Mother","[birdie .]","031:33.647-031:34.824","",""
"Alex.010512","449","Mother","[what's] [that ?]","031:51.702-031:52.473","",""
"Alex.010512","450","Mother","[one] [two (t:t:trail off)]","032:01.182-032:02.957","",""
"Alex.010512","451","Alex","[yyy] [yyy .]","032:03.612-032:06.004","",""
"Alex.010512","452","Mother","[wee .]","000:00.000-000:00.000","","[]"
"Alex.010512","453","Alex","[yyy] [yyy] [yyy] [yyy .]","032:06.038-032:11.518","","[]"
"Alex.010512","454","Mother","[ready .]","000:00.000-000:00.000","","[]"
"Alex.010512","455","Mother","[set] [go .]","032:11.951-032:12.889","",""
"Alex.010512","456","Alex","[wee .]","032:14.212-032:15.451","",""
"Alex.010512","457","Mother","[careful .]","032:16.473-032:17.351","",""
"Alex.010512","458","Mother","[careful] [with] [your] [rake .]","032:18.583-032:19.689","",""
"Alex.010512","459","Mother","[wow .]","032:33.556-032:34.795","",""
"Alex.010512","460","Alex","[wow .]","032:36.353-032:38.551","",""
"Alex.010512","461","Alex","[yyy] [yyy] [yyy] [yyy .]","032:38.551-032:47.888","",""
"Alex.010512","462","Mother","[uhoh .]","032:43.885-032:44.828","",""
"Alex.010512","463","Alex","[yyy] [yyy] [yyy .]","032:47.888-032:55.041","first two words have very long vowels",""
"Alex.010512","464","Alex","[yyy] [yyy] [yyy .]","032:55.041-033:00.946","",""
"Alex.010512","465","Mother","[would] [you] [like] [your] [drink ?]","033:04.373-033:05.294","",""
"Alex.010512","466","Mother","[are] [you] [thirsty ?]","033:07.856-033:08.744","",""
"Alex.010512","467","Alex","[xxx .]","033:10.352-033:11.440","",""
"Alex.010512","468","Mother","[okay .]","033:11.022-033:11.842","",""
"Alex.010512","469","Mother","[xxx] [throw] [this] [out .]","033:12.291-033:13.567","",""
"Alex.010512","470","Mother","[is] [that] [good ?]","033:17.068-033:17.721","",""
"Alex.010512","471","Alex","[yyy] [yyy] [yyy] [yyy] [yyy .]","033:31.471-033:34.988","first two words have very long vowels",""
"Alex.010512","472","Alex","[yyy] [yyy .]","033:35.348-033:37.531","",""
"Alex.010512","473","Mother","[Alex] [this] [way .]","033:51.485-033:52.758","",""
"Alex.010512","474","Mother","[stay] [over] [here .]","033:53.146-033:53.930","",""
"Alex.010512","475","Mother","[stay] [over] [here .]","033:54.952-033:55.555","",""
"Alex.010512","476","Mother","[no .]","033:56.744-033:57.766","",""
"Alex.010512","477","Mother","[where] [ya (replacement:replacement:you)] [goin (replacement:replacement:going) ?]","033:58.020-033:58.871","",""
"Alex.010512","478","Mother","[up] [the] [step .]","034:01.601-034:02.405","",""
"Alex.010512","479","Mother","[down] [the] [step .]","034:05.872-034:06.810","",""
"Alex.010512","480","Mother","[up .]","034:10.293-034:10.662","",""
"Alex.010512","481","Mother","[down .]","034:13.575-034:14.447","",""
"Alex.010512","482","Mother","[up .]","034:17.478-034:17.830","",""
"Alex.010512","483","Mother","[down .]","034:20.845-034:21.948","",""
"Alex.010512","484","Mother","[up .]","034:23.926-034:24.429","",""
"Alex.010512","485","Mother","[down .]","034:31.162-034:32.485","",""
"Alex.010512","486","Alex","[yyy] [yyy .]","034:32.485-034:36.906","target for first could be down as he uses the intonation and length that MOT does",""
"Alex.010512","487","Mother","[up .]","034:36.605-034:36.906","",""
"Alex.010512","488","Mother","[oop (.)] [down .]","034:40.774-034:42.013","",""
"Alex.010512","489","Mother","[careful .]","034:45.280-034:45.917","",""
"Alex.010512","490","Mother","[up .]","034:48.061-034:48.329","",""
"Alex.010512","491","Alex","[yyy] [yyy .]","034:49.065-034:52.248","",""
"Alex.010512","492","Mother","[down .]","034:52.013-034:53.353","",""
"Alex.010512","493","Alex","[yyy] [yyy] [yyy] [yyy .]","034:53.738-034:56.686","",""
"Alex.010512","494","Mother","[excuse] [me .]","035:16.211-035:17.805","",""
"Alex.010512","495","Mother","[this] [way] [honey] [c'mon (replacement:replacement:come on) .]","035:19.126-035:20.137","",""
"Alex.010512","496","Mother","[out] [this] [way .]","035:22.138-035:22.916","",""
"Alex.010512","497","Mother","[c'mon (replacement:replacement:come on) .]","035:27.463-035:27.910","",""
"Alex.010512","498","Alex","[yyy] [yyy .]","035:28.208-035:30.398","t@l sounds like it has some rounding like w@l on it",""
"Alex.010512","499","Mother","[this] [way .]","035:30.262-035:31.078","",""
"Alex.010512","500","Mother","[this] [way] [this] [way .]","035:44.234-035:45.265","",""
"Alex.010512","501","Mother","[keep] [goin (replacement:replacement:going) .]","035:46.566-035:47.149","",""
"Alex.010512","502","Mother","[keep] [goin (replacement:replacement:going) .]","035:48.393-035:49.112","",""
"Alex.010512","503","Mother","[good] [boy .]","035:49.442-035:50.219","",""
"Alex.010512","504","Mother","[stay] [over] [here .]","035:51.288-035:52.007","",""
"Alex.010512","505","Mother","[go] [in] [the] [back] [yard .]","035:52.551-035:53.309","",""
"Alex.010512","506","Alex","[xxx .]","036:10.702-036:12.237","",""
"Alex.010512","507","Alex","[yyy] [yyy] [yyy .]","036:12.365-036:15.281","",""
"Alex.010512","508","Mother","[you] [hafta] [water] [the] [plants .]","036:15.281-036:16.493","",""
"Alex.010512","509","Alex","[yyy] [yyy] [yyy] [yyy .]","036:28.231-036:29.786","",""
"Alex.010512","510","Alex","[yyy] [yyy .]","036:29.880-036:31.569","",""
"Alex.010512","511","Alex","[yyy] [yyy] [yyy] [yyy .]","036:31.901-036:36.655","babbling after bʌ but intonation sounds like question",""
"Alex.010512","512","Alex","[yyy] [yyy .]","036:36.656-036:38.618","",""
"Alex.010512","513","Alex","[yyy .]","036:38.618-036:40.530","",""
"Alex.010512","514","Alex","[yyy .]","036:40.530-036:42.243","",""
"Alex.010512","515","Mother","[look .]","036:42.243-036:43.098","",""
"Alex.010512","516","Alex","[yyy] [yyy .]","036:43.098-036:44.301","",""
"Alex.010512","517","Mother","[what's] [that ?]","036:44.710-036:45.456","",""
"Alex.010512","518","Mother","[what] [is] [it ?]","036:46.770-036:47.558","",""
"Alex.010512","519","Mother","[what] [is] [it ?]","036:50.968-036:51.493","",""
"Alex.010512","520","Mother","[c'mere (replacement:replacement:come here) .]","036:51.920-036:52.309","",""
"Alex.010512","521","Mother","[can] [I] [see ?]","036:55.982-036:56.681","",""
"Alex.010512","522","Mother","[oh] [boy .]","036:59.305-037:00.296","",""
"Alex.010512","523","Mother","[oo .]","037:01.481-037:03.230","",""
"Alex.010512","524","Mother","[so] [nice .]","037:04.358-037:05.718","",""
"Alex.010512","525","AD2","[hi] [xxx] [I] [just] [called] [and] [left] [a] [message] [on] [the] [machine .]","037:08.749-037:11.062","",""
"Alex.010512","526","AD2","[I'm] [too] [xxx .]","037:11.365-037:12.247","",""
"Alex.010512","527","AD2","[what ?]","037:13.973-037:14.327","",""
"Alex.010512","528","Mother","[you're] [on .]","037:15.668-037:16.327","",""
"Alex.010512","529","AD2","[what ?]","037:17.327-037:19.327","",""
"Alex.010512","530","Camera Operator","[you're] [on] [video .]","037:17.048-037:17.805","",""
"Alex.010512","531","Mother","[don't] [do] [anything] [obscene .]","037:19.107-037:19.865","",""
"Alex.010512","532","AD2","[what's (t:t:trail off)]","037:19.904-037:20.448","",""
"Alex.010512","533","Mother","[please .]","037:21.459-037:22.061","",""
"Alex.010512","534","AD2","[alright] [alright] [I] [gotcha (replacement:replacement:got you) .]","037:22.258-037:23.480","",""
"Alex.010512","535","AD2","[ah] [here] [here (t:t:self interruption)]","037:23.713-037:24.763","",""
"Alex.010512","536","Mother","[uncle] [xxx .]","037:24.432-037:25.831","",""
"Alex.010512","537","AD2","[here] [here] [here .]","037:25.568-037:26.298","",""
"Alex.010512","538","AD2","[hey] [look] [over] [there (.)]","037:27.307-037:28.086","",""
"Alex.010512","539","AD2","[ee alright anyways (t:t:trail off)]","037:28.097-037:30.026","",""
"Alex.010512","540","AD2","[I] [just] [left] [a] [message] [on] [the] [machine (.)] [&-uh]","037:30.570-037:32.497","",""
"Alex.010512","541","AD2","[I got the wake tonight (.)]","037:32.549-037:33.554","",""
"Alex.010512","542","AD2","[I'm pressed for time .]","037:33.684-037:34.656","",""
"Alex.010512","543","AD2","[I'll] [come] [get] [a] [tube] [of (.)] [silicone] [and] [I'll] [replace] [it] [okay ?]","037:34.656-037:37.453","",""
"Alex.010512","544","Mother","[yep (replacement:replacement:yes) .]","037:37.414-037:37.725","",""
"Alex.010512","545","AD2","[hey] [look] [look] [hey .]","037:38.055-037:39.512","",""
"Alex.010512","546","Mother","[okay] [xxx] [go] [get] [your] [silicone .]","037:41.436-037:42.700","",""
"Alex.010512","547","AD2","[okay .]","037:42.700-037:43.108","",""
"Alex.010512","548","AD2","[hey] [ya (replacement:replacement:you)] [can't] [come] [near] [that] [camera] [over] [there] [honey .]","037:43.302-037:45.700","last word could be you know what I mean",""
"Alex.010512","549","Mother","[you're] [right]","037:46.314-037:46.839","",""
"Alex.010512","550","Mother","[I probably (.)]","037:46.859-037:47.286","",""
"Alex.010512","551","Mother","[I probably shouldn't .]","037:47.311-037:48.257","",""
"Alex.010512","552","AD2","[hey] [how] [you] [doin (replacement:replacement:doing)] [by] [the] [way (.)]","037:46.819-037:47.655","",""
"Alex.010512","553","AD2","[well c'mere (replacement:replacement:come here) .]","037:47.694-037:48.219","",""
"Alex.010512","554","Camera Operator","[Manuela .]","037:48.343-037:49.112","",""
"Alex.010512","555","AD2","[please ?]","037:49.190-037:49.812","",""
"Alex.010512","556","Camera Operator","[Manuela .]","037:49.851-037:50.473","",""
"Alex.010512","557","AD2","[oh] [well] [you] [gotta] [do] [that] [again .]","037:50.566-037:52.086","",""
"Alex.010512","558","Camera Operator","[Manuela .]","037:51.678-037:52.319","",""
"Alex.010512","559","AD2","[Manuela (.)]","037:52.143-037:52.921","",""
"Alex.010512","560","AD2","[wow that's different]","037:52.960-037:53.718","",""
"Alex.010512","561","AD2","[very nice]","037:53.719-037:54.185","",""
"Alex.010512","562","AD2","[my name's xxx .]","037:54.223-037:54.916","",""
"Alex.010512","563","Camera Operator","[xxx .]","037:54.916-038:00.501","",""
"Alex.010512","564","Mother","[he's] [a] [friend] [of] [the] [family .]","037:58.013-038:00.287","",""
"Alex.010512","565","Mother","[he] [does] [a] [lot] [of] [work (.)] [too (.)] [around] [the] [house] [for] [us .]","038:00.501-038:04.048","",""
"Alex.010512","566","Mother","[yeah] [there's] [nothing] [he] [can't] [do .]","038:04.048-038:06.218","",""
"Alex.010512","567","Mother","[decorate] [cakes (t:t:trail off)]","038:06.218-038:07.613","",""
"Alex.010512","568","Mother","[to] [the] [biggest] [carpentry] [construction] [job .]","038:08.115-038:11.888","",""
"Alex.010512","569","Mother","[well] [here] [I'm] [sorry .]","038:12.483-038:13.728","",""
"Alex.010512","570","Alex","[yyy] [yyy] [yyy] [yyy] [yyy] [yyy] [yyy] [yyy] [yyy .]","038:15.231-038:19.220","",""
"Alex.010512","571","Mother","[that's] [uncle] [xxx] [and] [he] [does] [everything .]","038:15.892-038:18.457","",""
"Alex.010512","572","Mother","[he] [cooks .]","038:19.083-038:19.701","",""
"Alex.010512","573","Mother","[he (.)] [he's] [a] [artist .]","038:21.702-038:23.150","",""
"Alex.010512","574","Mother","[he] [draw] [absolutely] [beautiful .]","038:23.150-038:25.045","",""
"Alex.010512","575","Alex","[yyy] [yyy] [yyy] [yyy .]","038:25.045-038:26.580","",""
"Alex.010512","576","AD2","[I] [think] [I] [know] [more] [of] [the] [stuff (t:t:self interruption)]","038:26.425-038:29.145","",""
"Alex.010512","577","Alex","[yyy .]","038:29.145-038:30.758","","seems to be responding to VIS coming back"
"Alex.010512","578","AD2","[your] [mother] [knows .]","038:29.612-038:30.467","",""
"Alex.010512","579","Mother","[probably .]","038:30.467-038:32.467","",""
"Alex.010512","580","AD2","[what] [buddy .]","038:30.922-038:32.922","",""
"Alex.010512","581","Alex","[yyy .]","038:31.471-038:34.650","",""
"Alex.010512","582","AD2","[heehaw (.)] [what] [what .]","038:34.027-038:34.625","","imitating CHI"
"Alex.010512","583","AD2","[what]","038:34.651-038:35.228","",""
"Alex.010512","584","AD2","[I'm all dirty .]","038:35.228-038:36.005","",""
"Alex.010512","585","AD2","[alright] [alright .]","038:36.044-038:37.353","",""
"Alex.010512","586","AD2","[go] [get] [the] [bucket .]","038:39.697-038:40.743","",""
"Alex.010512","587","AD2","[where's] [the] [bucket ?]","038:40.743-038:41.893","",""
"Alex.010512","588","Mother","[I] [can't (.)]","038:41.376-038:41.680","",""
"Alex.010512","589","Mother","[I don't know xxx]","038:41.753-038:42.224","",""
"Alex.010512","590","Mother","[put it in the garage .]","038:42.262-038:42.982","",""
"Alex.010512","591","Mother","[I can't find it.]","038:42.982-038:43.759","",""
"Alex.010512","592","AD2","[ah] [ya (replacement:replacement:you)] [can't] [find] [the] [bucket] [on (.)]","038:42.787-038:44.381","",""
"Alex.010512","593","AD2","[get the big rake (.) get the big rake .]","038:44.611-038:45.469","",""
"Alex.010512","594","Mother","[I] [think] [it's (t:t:trail off)]","038:43.788-038:44.400","",""
"Alex.010512","595","AD2","[hurry] [up]","038:46.538-038:46.849","",""
"Alex.010512","596","AD2","[I got a couple of minutes]","038:46.927-038:47.548","",""
"Alex.010512","597","AD2","[c'mon (replacement:replacement:come on) .]","038:47.592-038:48.151","",""
"Alex.010512","598","Mother","[oh] [boy .]","038:48.501-038:50.250","",""
"Alex.010512","599","AD2","[xxx] [this (.)]","038:48.306-038:49.239","",""
"Alex.010512","600","AD2","[ah here we go .]","038:50.075-038:51.552","",""
"Alex.010512","601","Alex","[yyy .]","038:51.660-038:55.021","",""
"Alex.010512","602","AD2","[shovel (.)] [no (.)] [shovel .]","038:53.476-038:54.836","",""
"Alex.010512","603","AD2","[the] [shovel]","038:55.021-038:55.633","",""
"Alex.010512","604","AD2","[I need the shovel .]","038:55.672-038:56.431","",""
"Alex.010512","605","AD2","[I] [need] [the] [shovel (.)]","038:56.431-038:57.736","",""
"Alex.010512","606","AD2","[see the shovel ?]","038:57.769-038:58.315","",""
"Alex.010512","607","Mother","[go] [get] [the] [shovel .]","038:58.198-038:58.762","",""
"Alex.010512","608","AD2","[go] [over] [there .]","038:58.373-038:58.917","",""
"Alex.010512","609","Mother","[go] [on .]","038:59.041-038:59.908","",""
"Alex.010512","610","AD2","[the] [other] [one .]","038:59.403-039:00.102","",""
"Alex.010512","611","Mother","[there] [ya (replacement:replacement:you)] [go .]","039:00.576-039:01.657","",""
"Alex.010512","612","AD2","[there] [ya (replacement:replacement:you)] [go]","039:00.938-039:01.463","",""
"Alex.010512","613","AD2","[get that one .]","039:01.502-039:02.298","",""
"Alex.010512","614","Mother","[yeah .]","039:01.667-039:02.629","",""
"Alex.010512","615","AD2","[I] [need] [that] [one .]","039:02.590-039:03.484","",""
"Alex.010512","616","AD2","[here] [we] [go .]","039:03.547-039:04.864","",""
"Alex.010512","617","AD2","[look] [at] [this .]","039:05.602-039:06.638","",""
"Alex.010512","618","AD2","[look] [at] [this .]","039:06.638-039:08.165","",""
"Alex.010512","619","Mother","[wee .]","039:08.165-039:09.743","",""
"Alex.010512","620","AD2","[alright .]","039:08.595-039:09.780","",""
"Alex.010512","621","AD2","[look] [look (.) )]","039:09.800-039:10.674","",""
"Alex.010512","622","AD2","[put this over here (t:t:trail off]","039:10.791-039:11.568","",""
"Alex.010512","623","AD2","[and] [a] [little] [hole] [over] [there .]","039:11.696-039:12.980","",""
"Alex.010512","624","AD2","[here's] [s'more (replacement:replacement:some more)] [over] [here .]","039:12.980-039:14.751","",""
"Alex.010512","625","AD2","[see ?]","039:14.751-039:15.532","",""
"Alex.010512","626","AD2","[how's] [that] [a:h ?]","039:16.125-039:17.216","",""
"Alex.010512","627","AD2","[I] [gotta] [go .]","039:17.216-039:18.495","",""
"Alex.010512","628","AD2","[I'd] [like] [to] [stay]","039:18.514-039:19.108","",""
"Alex.010512","629","AD2","[but I'm (t:t:trail off)]","039:19.175-039:20.086","",""
"Alex.010512","630","Mother","[I] [know I know]","039:20.105-039:20.430","",""
"Alex.010512","631","Mother","[I know you're busy .]","039:20.516-039:21.483","",""
"Alex.010512","632","AD2","[if] [I] [don't] [get] [to] [the] [wake .]","039:20.255-039:21.343","",""
"Alex.010512","633","AD2","[oh] [g'head (replacement:replacement:go ahead)]","039:21.619-039:22.025","",""
"Alex.010512","634","AD2","[you wanna turn it]","039:22.038-039:22.515","",""
"Alex.010512","635","AD2","[g'head (replacement:replacement:go ahead)]","039:22.542-039:23.127","",""
"Alex.010512","636","AD2","[there we go]","039:23.130-039:23.502","",""
"Alex.010512","637","AD2","[turn it]","039:23.787-039:24.223","",""
"Alex.010512","638","AD2","[turn it one time]","039:24.264-039:24.788","",""
"Alex.010512","639","AD2","[wait (t:t:trail off)]","039:24.819-039:25.012","",""
"Alex.010512","640","Mother","[and] [I'm] [goin (replacement:replacement:going)] [to] [one (.)]","039:22.090-039:23.053","",""
"Alex.010512","641","Mother","[I'm goin (replacement:replacement:going) (.) to one tonight too .]","039:23.092-039:25.269","",""
"Alex.010512","642","AD2","[you] [got] [it (.)]","039:25.298-039:25.750","",""
"Alex.010512","643","AD2","[you got me ?]","039:26.415-039:27.086","",""
"Alex.010512","644","AD2","[wait] [does] [it] [look] [better] [like] [this ?]","039:29.148-039:30.646","",""
"Alex.010512","645","AD2","[or] [like] [that (.)]","039:32.442-039:32.946","",""
"Alex.010512","646","AD2","[how does that look ?]","039:32.966-039:33.840","",""
"Alex.010512","647","AD2","[pay] [attention] [now]","039:34.055-039:34.735","",""
"Alex.010512","648","AD2","[look .]","039:34.756-039:35.346","",""
"Alex.010512","649","AD2","[see] [like] [this (.)] [up] [here .]","039:35.511-039:36.817","",""
"Alex.010512","650","AD2","[over] [here .]","039:36.931-039:37.753","",""
"Alex.010512","651","AD2","[ah] [g'head (replacement:replacement:go ahead)] [ah .]","039:37.777-039:39.411","",""
"Alex.010512","652","AD2","[alright] [I] [gotta] [go .]","039:39.411-039:40.701","",""
"Alex.010512","653","AD2","[see] [ya's (replacement:replacement:you)] [all] [later .]","039:40.701-039:41.798","",""
"Alex.010512","654","Mother","[say] [bye .]","039:41.812-039:42.499","",""
"Alex.010512","655","Camera Operator","[bye .]","039:44.595-039:46.595","",""
"Alex.010512","656","Camera Operator","[bye .]","039:42.595-039:44.418","",""
"Alex.010512","657","AD2","[bye] [bye] [take] [care]","039:44.418-039:46.918","",""
"Alex.010512","658","AD2","[nice meeting ya (replacement:replacement:you) .]","039:46.951-039:49.418","",""
"Alex.010512","659","Mother","[say] [bye] [Alex .]","039:43.016-039:44.057","",""
"Alex.010512","660","Mother","[bye] [xxx] [see] [ya (replacement:replacement:you)] [later .]","039:44.608-039:45.411","","Manuela says something at the same time but cannot hear"
"Alex.010512","661","Mother","[say] [bye .]","039:46.779-039:47.506","",""
"Alex.010512","662","Mother","[say] [bye .]","039:48.418-039:49.246","",""
"Alex.010512","663","Mother","[say] [bye] [bye .]","039:51.092-039:51.902","",""
"Alex.010512","664","Camera Operator","[Alex] [doesn't] [like] [it .]","039:52.168-039:53.365","",""
